"animal","log_SLA","se_log_SLA","N","se_N","d13C","se_d13C"
"Eucalyptus_abdita",1.16238724617766,0.0119364827633229,11,1.95528,-29.32,1.045
"Eucalyptus_absita",1.46751839859468,0.0153453718544002,19.7,1.95528,-27.28,1.045
"Eucalyptus_accedens",0.976101849050106,0.0171393281704641,9.078333333,0.93243558014005,-27.81,1.045
"Eucalyptus_acies",1.15677871103746,0.159381831354434,8.8,1.95528,-26.54,1.045
"Eucalyptus_acmenoides",1.81528306984702,0.129272056902997,9.90465,1.95528,-26.46,1.045
"Eucalyptus_aequioperta",1.05408900838843,0.176618578038603,12.8,1.95528,-26.62,1.045
"Eucalyptus_aggregata",1.69621966454529,0.0929314221481652,14.3,1.95528,-27.76,1.045
"Eucalyptus_albopurpurea",1.29656776689833,0.045901338024145,13.1,1.95528,-25.72,1.045
"Eucalyptus_alipes",0.93666966366323,0.198623649535697,11.2,1.95528,-25.85,1.045
"Eucalyptus_amygdalina",1.59045722386172,0.0262572314113683,10.2042,1.95528,-27.268,1.045
"Eucalyptus_ancophila",1.83148205401885,0.0124983819600971,10.5,1.95528,-28.35,1.045
"Eucalyptus_angulosa",0.842036489761966,0.0116996601682718,8.4,0.0999999999999996,-27.795,0.0349999999999984
"Eucalyptus_angustissima",0.410942770286464,0.336009260012831,12,1.95528,-26.68,1.045
"Eucalyptus_annulata",1.21715856216956,0.150043151180472,10.2,1.95528,-27.61,1.045
"Eucalyptus_aquilina",1.44445673974905,0.0542131517974215,11,1.95528,-27.67,1.045
"Eucalyptus_arachnae",1.08027616880406,0.172053473446591,11.5,1.95528,-28.58,1.045
"Eucalyptus_arborella",1.31783730400521,0.135672539620933,10.5,1.95528,-28.11,1.045
"Eucalyptus_arenacea",1.35968375475485,0.0239988046241345,8.2,1.95528,-26.84,1.045
"Eucalyptus_argophloia",1.71933986390366,0.0908074767726413,11.7,1.95528,-29.47,1.045
"Eucalyptus_argutifolia",1.2134975303648,0.0864517123842313,9.8,1.95528,-28.02,1.045
"Eucalyptus_aspratilis",0.947041880851799,0.0725240082538513,10.05,0.649999999999999,-27.245,0.725
"Eucalyptus_assimilans",0.764326742030085,0.235981815101438,10.2,1.95528,-27.67,1.045
"Eucalyptus_atrata",1.51589969563563,0.0493685360083707,10.09098355,0.236930318897455,-29.45,1.045
"Eucalyptus_badjensis",1.53471436623816,0.0797413793103448,14.975,1.805,-30.215,0.0350000000000001
"Eucalyptus_baeuerlenii",1.54126871577674,0.108506792385802,13.7,1.95528,-27.28,1.045
"Eucalyptus_bakeri",1.39391897101513,0.0408288004041954,11.5,1.95528,-29.07,1.045
"Eucalyptus_barberi",1.38440847445298,0.0150834024263494,15.7,1.95528,-27.24,1.045
"Eucalyptus_baxteri",1.39249252376222,0.0230040440318629,9.605604524,0.482053313108103,-28.635,0.244999999999999
"Eucalyptus_beaniana",1.3363675027333,0.133181650112571,9.4,1.95528,-28.78,1.045
"Eucalyptus_behriana",1.13196679622021,0.0233186019395605,11.93333333,0.966666666666667,-29.13,1.045
"Eucalyptus_benthamii",1.85238409104449,0.173333333333333,15.765,3.335,-31.205,0.135
"Eucalyptus_blakelyi",1.64593416704144,0.0243599749242239,16.42325581,0.393170338189058,-26.76,1.045
"Eucalyptus_blaxellii",1.35077631897202,0.13127641921329,11.9,1.95528,-27.46,1.045
"Eucalyptus_bosistoana",1.50342708803804,0.0922397781597816,12.265,2.595,-30.43,0.0800000000000001
"Eucalyptus_botryoides",1.87296677265048,0.0665143801985408,14.22,1.85,-30.105,0.815000000000001
"Eucalyptus_brachycalyx",1.11617021353648,0.0211264180184423,8.6,1.95528,-26.87,1.045
"Eucalyptus_brassiana",1.68094006722144,0.00984208752269989,12.5,1.95528,-29.32,1.045
"Eucalyptus_brevifolia",1.19932217439132,0.0442230514090265,8.755125,0.550856328089665,-26.97875,0.294996595016669
"Eucalyptus_brevipes",0.916134143214791,0.202744658261048,10.6,1.95528,-25.92,1.045
"Eucalyptus_bridgesiana",1.96348940045973,0.088667821370179,19.5072025,2.20827559701337,-25.8175,1.02728099855882
"Eucalyptus_brockwayi",1.14057695712776,0.0159234409819803,9.3,1.95528,-26.42,1.045
"Eucalyptus_buprestium",1.43269577735852,0.120951025057693,10.9,1.95528,-25.66,1.045
"Eucalyptus_burgessiana",0.996669065557442,0.187056820543521,8.3,1.95528,-25.82,1.045
"Eucalyptus_burracoppinensis",0.833841345237361,0.114819667481753,13.5,1.95528,-25.8,1.045
"Eucalyptus_calcareana",2.56501766974358,0.0296859389314456,10,1.95528,-27.47,1.045
"Eucalyptus_calycogona_calycogona",0.87865532146419,0.0421780019600625,11,0.251661147842358,-25.75,0.493592274385787
"Eucalyptus_capillosa",1.18324327070879,0.0182957229660856,12.57227673,0.755797732946351,-25.75168355,0.867771433931167
"Eucalyptus_capitellata",1.42097670030999,0.07511427360747,10.8446,1.9554,-28.4295,0.4895
"Eucalyptus_captiosa",0.859149865080256,0.214633436030176,9.1,1.95528,-26.26,1.045
"Eucalyptus_carnei",0.898433402618251,0.125657152837672,8.55,0.75,-25.205,1.045
"Eucalyptus_celastroides_celastroides",0.984859136487788,0.0156274529951609,10.2575,0.1495,-26.62,1.27
"Eucalyptus_cephalocarpa",2.04128587878912,0.0658115668346329,14.8,1.95528,-28.88,1.045
"Eucalyptus_cerasiformis",1.04784025383978,0.177725679581992,9.9,1.95528,-25.53,1.045
"Eucalyptus_ceratocorys",0.636447215910223,0.268173530683443,7.3,1.95528,-26.9,1.045
"Eucalyptus_cernua",1.11636698443558,0.165954641160394,9.2,1.95528,-26.79,1.045
"Eucalyptus_clivicola",1.02874431117328,0.026729614584513,7,1.95528,-27.79,1.045
"Eucalyptus_cneorifolia",1.04679213446166,0.177912054965515,13.7,1.95528,-27.3,1.045
"Eucalyptus_concinna",0.917204483475976,0.0272025319522208,10.76425,0.219286446989624,-26.28875,0.222985191959765
"Eucalyptus_conica",1.93617894798717,0.0136944447769138,18.8,1.95528,-27.38,1.045
"Eucalyptus_consideniana",1.5738027965211,0.019739259314833,10.9,1.95528,-28.18,1.045
"Eucalyptus_coolabah",1.46589996112194,0.0621501875263218,11.00847427,0.424500596712865,-28.54714286,0.3372558325643
"Eucalyptus_cooperiana",0.816172449889791,0.224058916988787,7.2,1.95528,-27.66,1.045
"Eucalyptus_cornuta",1.5762380618879,0.104777958231123,15.5,1.95528,-25.72,1.045
"Eucalyptus_corrugata",0.95266430268461,0.0221566185250982,11.45733333,0.644666925198156,-26.45333333,0.531831218004776
"Eucalyptus_corticosa",2.16353507421114,0.0582384864396633,14.6,1.95528,-28.33,1.045
"Eucalyptus_cosmophylla",1.14926756766712,0.01004689067014,11.07865613,1.178656125,-28.215,1.595
"Eucalyptus_crebra",2.39890926399004,0.0521479539698555,12.11149525,0.234945192170952,-28.06033333,2.19384976189751
"Eucalyptus_creta",0.648072002501506,0.265074120514031,6.6,1.95528,-26.72,1.045
"Eucalyptus_cretata",0.979650945204664,0.133149294609477,10,1.95528,-28,1.045
"Eucalyptus_cyanophylla",0.703195355141111,0.0315384202339893,7.9,1.95528,-26.01,1.045
"Eucalyptus_cyclostoma",0.917545769185253,0.202458660544468,10.3,1.95528,-26.72,1.045
"Eucalyptus_cylindriflora",0.886141110277223,0.208917696792246,12,1.95528,-25.28,1.045
"Eucalyptus_cylindrocarpa",0.92696311287745,0.200560987300029,9.8,1.95528,-26.98,1.045
"Eucalyptus_cypellocarpa",1.47932922708708,0.168564920273349,11.605,1.955,-28.705,0.635
"Eucalyptus_dawsonii",1.59900953179734,0.102418970848059,15.5,1.95528,-28.5,1.045
"Eucalyptus_dealbata",1.64893802520552,0.0785683684085638,16.1,1.95528,-26.9,1.045
"Eucalyptus_deanei",1.81371784475781,0.0927478341615344,16.9,1.95528,-28.65,1.045
"Eucalyptus_deflexa",0.943118699263507,0.19734684006885,9.5,1.95528,-27.79,1.045
"Eucalyptus_delicata",1.23994378444674,0.104698159660245,10.4,1.95528,-25.45,1.045
"Eucalyptus_depauperata",1.1295420516842,0.163782517957626,12.2,1.95528,-27.76,1.045
"Eucalyptus_desmondensis",1.18204788842963,0.109810215204262,11.2,1.95528,-25.99,1.045
"Eucalyptus_dielsii",0.986077882078234,0.189048502165947,6.1,1.95528,-27.99,1.045
"Eucalyptus_diminuta",1.34639267735875,0.131853151156914,12,1.95528,-28.09,1.045
"Eucalyptus_diptera",1.20267385045052,0.152232299285618,9.8,1.95528,-28.12,1.045
"Eucalyptus_discreta",0.850877571284323,0.216416310937006,9,1.95528,-27.41,1.045
"Eucalyptus_dissimulata",1.05155675665404,0.177066387482997,11.5,1.95528,-28.23,1.045
"Eucalyptus_diversicolor",1.72280927754459,0.101881542699942,12.38571429,0.51150039399909,-27.61857143,0.489175343825507
"Eucalyptus_dolichocera",0.985747313004503,0.18911100608456,10.3,1.95528,-27.51,1.045
"Eucalyptus_dolichorhyncha",0.693991979117136,0.253177167464865,6,1.95528,-28,1.045
"Eucalyptus_dorotoxylon",1.69827262613459,0.0927408332108784,13.5,1.95528,-27.06,1.045
"Eucalyptus_dumosa",0.978775994894249,0.0147083913176353,9.196210526,0.325093702901731,-25.91486667,0.641407268780487
"Eucalyptus_dundasii",1.37253494933273,0.0851338313506725,8.9,1.95528,-27.23,1.045
"Eucalyptus_dunnii",1.86872119925283,0.0423407749425081,16.34,4.07,-29.85,0.479999999999999
"Eucalyptus_dura",1.58122762783379,0.0318413798112536,10.39290718,0.221558452807578,-31.88,1.045
"Eucalyptus_dwyeri",1.36085096909641,0.0167007664612335,11.8,1.95528,-27.33,1.045
"Eucalyptus_elata",2.18844072568491,0.199311196697288,14.21360967,1.71836552491383,-28.66666667,1.45618603817568
"Eucalyptus_eremophila",0.850433498417575,0.216512436890499,13.7,1.95528,-25.65,1.045
"Eucalyptus_eugenioides",2.14062344465686,0.0574919623768058,15.3,1.95528,-29.37,1.045
"Eucalyptus_ewartiana",1.02110388307539,0.0406190014516747,11.15042392,0.381209683509282,-26.91570041,0.347040513591102
"Eucalyptus_exigua",1.03853118557694,0.0470128986118324,11.15,0.95,-26.745,1.155
"Eucalyptus_exilipes",1.6994989179427,0.0167185323783827,9.832881129,0.222476726018148,-30.19,1.045
"Eucalyptus_exilis",1.29579440529086,0.138696360118732,11.1,1.95528,-26.71,1.045
"Eucalyptus_falcata",1.05858380041902,0.0121997641094107,8.15,0.0499999999999998,-27.125,0.504999999999999
"Eucalyptus_famelica",0.971837593305245,0.191759866918709,9.2,1.95528,-28.79,1.045
"Eucalyptus_fasciculosa",1.42774507299596,0.0161622561832173,13.84111205,1.84476266761579,-28.75333333,0.277208305150558
"Eucalyptus_fastigata",1.75577014778041,0.0833272612779813,13.94,2.8101660686396,-29.53,0.0999999999999996
"Eucalyptus_flindersii",1.28734173656064,0.0684080061851978,13.76860352,1.95528,-24.88,1.045
"Eucalyptus_flocktoniae_flocktoniae",0.841347725822804,0.0370335919017691,9.581818182,0.288827781910442,-25.82181818,0.30654324381819
"Eucalyptus_foecunda",1.19307243396211,0.0892252289643783,10.75,0.85,-28.38,1.045
"Eucalyptus_foliosa",0.848115815484991,0.217014826034656,9.2,1.95528,-27.04,1.045
"Eucalyptus_formanii",1.17807608819127,0.0470127402160669,13.2075,0.790945246735407,-26.20333333,0.566348930528796
"Eucalyptus_forrestiana",0.88497843318792,0.209160741875952,8,1.95528,-27.36,1.045
"Eucalyptus_fraxinoides",1.32870096983803,0.0909526267718172,11.41333333,1.61746028630621,-28.09333333,0.388344062798842
"Eucalyptus_froggattii",0.911232743791815,0.01402946906916,7.5,1.95528,-27.14,1.045
"Eucalyptus_fruticosa",1.33081089811923,0.133923747746256,13.8,1.95528,-28.33,1.045
"Eucalyptus_fulgens",1.70624947278421,0.0920039965298802,13.3,1.95528,-29.26,1.045
"Eucalyptus_fusiformis",1.96698415855882,0.0413964398182432,12.6,1.95528,-29.08,1.045
"Eucalyptus_gillenii",1.53073056665121,0.0798088303922685,12,3.7,-28.025,0.575000000000001
"Eucalyptus_gillii",0.684201368838455,0.255668100422331,10.8,1.95528,-27.68,1.045
"Eucalyptus_globoidea",2.33290025378453,0.163692016209672,8.513333333,0.827553287978753,-26.92,1.045
"Eucalyptus_globulus_globulus",1.6534513880843,0.112336960595001,11.7,1.08,-28.92,0.220000000000001
"Eucalyptus_glomerosa",1.39139977453948,0.0664780392237502,14.6,1.95528,-25.51,1.045
"Eucalyptus_gomphocephala",1.41206631223433,0.0485461704382413,13.08888889,0.436668080291746,-27.13444444,0.198998262911954
"Eucalyptus_goniocalyx_goniocalyx",1.2620587159901,0.0189991680824596,11.50770609,1.95528,-29.29,1.045
"Eucalyptus_goniocarpa",0.9504694176513,0.195901517609898,8.8,1.95528,-27.21,1.045
"Eucalyptus_gracilis",1.05386719426152,0.0417109006000622,11.66666667,0.993870101058372,-28.73,1.045
"Eucalyptus_grandis",1.92453257357051,0.0539547300192707,16.25833333,1.16692306706331,-29.2425,0.706545292249548
"Eucalyptus_granitica",1.51404310154867,0.0253375073742425,11.08483159,0.148148874781569,-28.94,1.045
"Eucalyptus_griffithsii",1.0913941252939,0.17015118479109,12.9,1.95528,-26.51,1.045
"Eucalyptus_grisea",1.8368320072953,0.0807412407178451,12.6,1.95528,-30.08,1.045
"Eucalyptus_grossa",0.744205634024525,0.240778122380924,8.8,1.95528,-26.15,1.045
"Eucalyptus_gypsophila",0.964936266918633,0.0435961229281701,9.4,0.986576572463249,-27.39333333,0.620922253139992
"Eucalyptus_haemastoma",1.38574364275236,0.0358425997831332,9.2423324,0.291593731585306,-29.13684,0.913481179663818
"Eucalyptus_hallii",1.29583666529879,0.0352100380007808,8.9,1.95528,-29.66,1.045
"Eucalyptus_halophila",0.966176683258946,0.192848480640872,9.6,1.95528,-27.58,1.045
"Eucalyptus_hebetifolia",1.43244035803441,0.127178651353864,9.1,1.95528,-26.43,1.045
"Eucalyptus_histophylla",0.846781760087495,0.0756001827102725,9.25,1.25,-25.62,0.439999999999999
"Eucalyptus_horistes",1.22579222945863,0.0139654920136391,11.40466667,0.820897137960117,-26.56333333,0.852571274309531
"Eucalyptus_hypolaena",0.579800679974251,0.283803134512171,9.8,1.95528,-27.21,1.045
"Eucalyptus_impensa",0.589086733335698,0.281179921956941,5.7,1.95528,-28.14,1.045
"Eucalyptus_incerata",0.741491795963456,0.0142609029886358,10.05,0.0499999999999998,-24.94,0.25
"Eucalyptus_incrassata",0.893084247118572,0.0164198616529585,8.466666667,0.56489920438173,-28.02,0.44410959608337
"Eucalyptus_indurata",1.14051387813597,0.0979950878328027,8.3,1.95528,-24.57,1.045
"Eucalyptus_infera",1.44486660483675,0.119487872945598,14.5,1.95528,-28.22,1.045
"Eucalyptus_insularis",1.76132631535584,0.0583804596150237,13.4,1.95528,-28.33,1.045
"Eucalyptus_interstans",1.61167563945441,0.0711728666239536,12.3,2.2,-28.62,0.140000000000001
"Eucalyptus_intertexta",1.46097057597172,0.0381019803126785,13.49739947,0.809117315048999,-26.80562196,0.328191954641981
"Eucalyptus_jacksonii",1.69793035876553,0.00884555607829926,11.6,0.0999999999999996,-28.485,0.625
"Eucalyptus_kitsoniana",1.75730260080636,0.0226405564001329,19.6,1.95528,-27.3,1.045
"Eucalyptus_kondininensis",1.21237090921828,0.104775086225055,10.6,1.95528,-29.02,1.045
"Eucalyptus_kruseana",1.24311865438858,0.146198141477595,10.5,1.95528,-26.77,1.045
"Eucalyptus_kumarlensis",1.03339991494287,0.180310718122204,9.3,1.95528,-28.45,1.045
"Eucalyptus_lacrimans",0.932788507295623,0.199396036886329,18.3,1.95528,-27.34,1.045
"Eucalyptus_langleyi",0.915747517559971,0.202823059702337,12.9,1.95528,-25.73,1.045
"Eucalyptus_lansdowneana",1.09608966452565,0.0184348577294112,11.8,1.95528,-27.7,1.045
"Eucalyptus_largiflorens",1.30321590649667,0.0301923562048402,10.65,1.35,-28.84,1.045
"Eucalyptus_latens",0.880246195853775,0.0590327098237787,8.6,0.3,-26.69666667,0.186577359588754
"Eucalyptus_leptophylla",1.17766691511936,0.0172786735868959,13.2,1.95528,-27.31,1.045
"Eucalyptus_leptopoda_leptopoda",0.932181141121141,0.0379912559252997,11.16666667,0.569600249687836,-26.59,0.30610455730028
"Eucalyptus_lesouefii",0.929883701838706,0.0317270264018844,10.97894741,0.934821630276001,-26.05434733,0.463101330113071
"Eucalyptus_limitaris",1.15600349663163,0.0180634377353859,12.506,0.919,-27.805,1.155
"Eucalyptus_litorea",1.15239178002179,0.160082564363613,9,1.95528,-28.21,1.045
"Eucalyptus_livida",1.00117917242801,0.0416871685827681,8.975,0.502286438863988,-26.415,0.463222408784377
"Eucalyptus_lockyeri",1.633753309107,0.0520570114131811,12,1.95528,-29.24,1.045
"Eucalyptus_longicornis",1.15654207860619,0.0172830926261464,12.52845455,0.325899353220825,-26.47454545,0.293574719113345
"Eucalyptus_loxophleba_loxophleba",1.19512275783686,0.0948474564955131,13.63333333,0.536449231314369,-27.16666667,0.358995512197266
"Eucalyptus_lucasii",1.20144643263473,0.0474842626993879,15.65454545,0.629193370531398,-26.20818182,0.331935969131557
"Eucalyptus_lucens",1.35812294032448,0.0554909821136991,15.4,1.95528,-26.65,1.045
"Eucalyptus_macrandra",1.46130115738874,0.0522042482863531,10.9,1.95528,-26.83,1.045
"Eucalyptus_magnificata",1.62398691140364,0.0642131867995712,14,1.95528,-28.68,1.045
"Eucalyptus_marginata_marginata",1.47260074426391,0.0435700086896757,11.84444444,0.608301622714859,-27.10444444,0.250028393449353
"Eucalyptus_megacarpa",1.61240431311389,0.0758213597694528,10.7,1.95528,-28.71,1.045
"Eucalyptus_megacornuta",1.33865880929151,0.0140601667429,10,1.95528,-27.65,1.045
"Eucalyptus_melanophitra",1.42459870790311,0.0374575933596021,8.6,1.95528,-27.77,1.045
"Eucalyptus_melanoxylon",1.0869339849594,0.170911777868407,10.4,1.95528,-27.89,1.045
"Eucalyptus_melliodora",1.72328689504156,0.0192366463073709,14.5,1.60147848356865,-29.5,0.705005910140712
"Eucalyptus_merrickiae",0.903761633901367,0.205268700604257,12.2,1.95528,-26.94,1.045
"Eucalyptus_michaeliana",1.69797582539126,0.0256317477686478,18.2,1.95528,-27.82,1.045
"Eucalyptus_micranthera",0.897629768112085,0.206531247655684,8.7,1.95528,-26.91,1.045
"Eucalyptus_microcarpa",1.35723548354019,0.0221136275790594,11.7,2,-29.59,1.045
"Eucalyptus_minniritchi",1.06975501184006,0.173873231239172,11.4,1.95528,-29.87,1.045
"Eucalyptus_misella",1.23362850294084,0.147592188377045,13.8,1.95528,-28.75,1.045
"Eucalyptus_moderata",0.997553873837783,0.0696766722144424,12.49625,0.77224460449178,-27.3675,0.192023219082138
"Eucalyptus_moluccana",1.5389378230218,0.0183682200283783,12.00827273,0.469743718382962,-28.01,1.045
"Eucalyptus_morrisii",1.2073528841146,0.0141427997238355,11.2,1.95528,-27.43,1.045
"Eucalyptus_muelleriana",1.6155386790552,0.0575764849738444,11.53,1.73500240153532,-29.975,0.0250000000000004
"Eucalyptus_myriadena",1.29096003372402,0.0695883299137391,11.93566667,1.04379281681972,-27.26,0.719235705454061
"Eucalyptus_neutra",0.961114843166773,0.193827123589367,12.8,1.95528,-27.44,1.045
"Eucalyptus_nicholii",3.17232026441112,0.0316702865789582,15,1.95528,-27.94,1.045
"Eucalyptus_nitens",1.53381406690928,0.0840617171739371,15.59,2.51,-29.025,0.825000000000001
"Eucalyptus_normantonensis",1.21306164667967,0.0563191711381179,11.1,1.7,-27.69,0.290000000000001
"Eucalyptus_nortonii",1.45988643666827,0.0818997139728384,12.9,1.95528,-29.85,1.045
"Eucalyptus_obconica",1.60210555810592,0.102102369375956,13.328,1.95528,-28.27,1.045
"Eucalyptus_obesa",1.15985989568308,0.158891502287989,10.4,1.95528,-27.15,1.045
"Eucalyptus_obliqua",2.10944042716763,0.0700304194732883,12.64489598,0.561831619616137,-29.868,0.254496452714855
"Eucalyptus_obtusiflora",1.06173508308793,0.0585278018538105,11.668,0.43100232017937,-28.06666667,0.519272996067044
"Eucalyptus_occidentalis",1.05260231433686,0.0377739357582856,6.1,1.95528,-26.65,1.045
"Eucalyptus_oldfieldii",0.950148566234248,0.0470407553898772,12.63123547,0.161158992838705,-26.70805367,0.628234540356928
"Eucalyptus_oleosa_oleosa",0.997415784800688,0.0214865672942781,15.854,1.95528,-24.52,1.045
"Eucalyptus_olivina",2.12111717486691,0.0607619830466022,11.3,1.95528,-25.39,1.045
"Eucalyptus_optima",0.978144184815326,0.0955455987062025,9.3,1.95528,-25.92,1.045
"Eucalyptus_oraria",1.12597290903964,0.16436812556378,8.6,1.95528,-28.84,1.045
"Eucalyptus_orbifolia",1.29854095407586,0.0175613487095375,12.8,1.95528,-28.58,1.045
"Eucalyptus_oreades",1.35583515363518,0.0438144329896907,14.495,0.165,-29.29,0.390000000000001
"Eucalyptus_orgadophila",1.73581316301817,0.0104018589758811,14,1.95528,-26.57,1.045
"Eucalyptus_ornata",1.08612924196285,0.171049373281722,10.5,1.95528,-27.11,1.045
"Eucalyptus_ovata",1.41768720547752,0.0208824869890256,15,1.95528,-28.55,1.045
"Eucalyptus_oxymitra",0.923520650114554,0.0236847915733491,9.43125,0.329104688257906,-26.83214286,0.153136363032718
"Eucalyptus_pachyphylla",0.866657115879218,0.213028162132202,8.3,1.95528,-26.2,1.045
"Eucalyptus_paliformis",1.44313826006077,0.119694567755091,14.6,1.95528,-26.24,1.045
"Eucalyptus_paludicola",1.33205997305858,0.133756571378804,13,1.95528,-28.1,1.045
"Eucalyptus_paniculata",1.97647659574112,0.0899263924511234,11.514,1.12319900284856,-29.63202,0.722097209799346
"Eucalyptus_patellaris",1.52388002407245,0.110410083459879,9.472571429,0.528540031242526,-29.87333333,0.246936789032695
"Eucalyptus_patens",1.60991246641555,0.0451771361999672,12.8,1.02469507659596,-28.2,0.577436865235788
"Eucalyptus_perangusta",1.00127875559779,0.186196530938469,9.5,1.95528,-26.66,1.045
"Eucalyptus_percostata",1.30965488317678,0.163806952254291,9.9,1.95528,-28.64,1.045
"Eucalyptus_petiolaris",1.40326000302491,0.0483267991439451,16.5,1.95528,-26.24,1.045
"Eucalyptus_petraea",1.26110980340326,0.0357408433506869,13.3,1.95528,-26.95,1.045
"Eucalyptus_petrensis",1.3358405950193,0.0574945960821034,9.5,1.95528,-27.53,1.045
"Eucalyptus_pilbarensis",1.1766702196672,0.156242809719851,10,1.95528,-27.41,1.045
"Eucalyptus_pileata",0.839563533586656,0.0163827273897993,9.98,0.710914903487049,-25.888,0.603460023530971
"Eucalyptus_pimpiniana",0.73717102384725,0.242477874147177,10.3,1.95528,-29.01,1.045
"Eucalyptus_planchoniana",1.70378631715374,0.0231630989936497,9.1,1.95528,-23.84,1.045
"Eucalyptus_platydisca",0.917012833895725,0.202566586665608,8.9,1.95528,-26.28,1.045
"Eucalyptus_platyphylla",2.83746785196522,0.0529264983723976,14.124355,0.789128412009341,-27.731,1.045
"Eucalyptus_polita",1.05932541039263,0.110438740218933,9,1.95528,-25.37,1.045
"Eucalyptus_polybractea",1.30767265313956,0.0342356131813033,12.3,1.95528,-28.62,1.045
"Eucalyptus_populnea",1.55795557259964,0.0513520032607279,12.73283333,0.377718626905149,-25.922,0.672565238471332
"Eucalyptus_porosa",1.35262719223304,0.0185021921409907,17.7,1.95528,-28.31,1.045
"Eucalyptus_praetermissa",1.30082005858947,0.101432533068533,7.6,1.95528,-27.01,1.045
"Eucalyptus_prava",1.67264042031578,0.0951487131405357,17.1,1.95528,-27.87,1.045
"Eucalyptus_prominens",1.13328706320771,0.163170297642131,11.6,1.95528,-26.42,1.045
"Eucalyptus_propinqua",1.77831135128367,0.206061155361861,15.2,1.95528,-28.11,1.045
"Eucalyptus_protensa",2.00371226792669,0.0683313879817444,11.1,1.95528,-27.39,1.045
"Eucalyptus_pruiniramis",0.914462940881454,0.203083768889316,9.1,1.95528,-24.96,1.045
"Eucalyptus_pruinosa_pruinosa",1.39158912607974,0.0255888161610624,9.728,1.361,-27.435,0.465
"Eucalyptus_pterocarpa",0.948440939735488,0.0211777804226941,7.9,1.95528,-25.78,1.045
"Eucalyptus_pulverulenta",1.45401257931472,0.118400022219808,12.6,1.95528,-28.6,1.045
"Eucalyptus_pumila",1.52002369077859,0.0944230511906557,10,1.95528,-26.3,1.045
"Eucalyptus_pyriformis",1.07169394272825,0.0394564230476953,8.4,1.95528,-28.24,1.045
"Eucalyptus_quadrangulata",1.94467926039402,0.180517970465753,12.14666667,1.98469421098342,-30.34666667,1.21932130484317
"Eucalyptus_quadrans",1.18195853303517,0.155418729697794,12.5,1.95528,-28.37,1.045
"Eucalyptus_quaerenda",0.877410259296484,0.210749711958364,10.5,1.95528,-26.64,1.045
"Eucalyptus_racemosa",1.62584534669745,0.0256635560624899,10.95909091,0.794664542770841,-30.06325,0.975948374232298
"Eucalyptus_ravida",1.00448816175823,0.0502304598442871,11.40167019,0.279325629961622,-24.84491412,0.556026076878163
"Eucalyptus_recta",1.03263048970599,0.180449507126242,8.1,1.95528,-25.89,1.045
"Eucalyptus_redunca",1.23884774790197,0.018205444424597,13.4,1.95528,-27.96,1.045
"Eucalyptus_regnans",1.65906585737672,0.0614402462674813,15.08428571,1.38386081247332,-30.19,1.10936919012563
"Eucalyptus_remota",1.40959336015501,0.0325156088037672,9.8,1.95528,-28.52,1.045
"Eucalyptus_resinifera_resinifera",1.53596347392478,0.0182034306142279,13.4,1.95528,-28.935,1.005
"Eucalyptus_rhodantha",0.135244044199205,0.663635859455892,6.3,1.95528,-27.68,1.045
"Eucalyptus_rigens",0.8457801353679,0.217522295661594,8.2,1.95528,-27.45,1.045
"Eucalyptus_rigidula",0.967674190356801,0.0453241161273,9.947785714,0.333372084940039,-27.13357143,0.261285089431417
"Eucalyptus_rosacea",1.44103394851192,0.0248360939300582,15.4,1.95528,-26.6,1.045
"Eucalyptus_rudis",1.73514518379398,0.0307472019704852,17.1,1.95528,-27.78,1.045
"Eucalyptus_salicola",1.17289428386942,0.102917793230641,12.7,1.6,-28.03,0.83
"Eucalyptus_saligna",3.29845674667352,0.0297176910998007,27.12092105,1.44849333474436,-29.217,0.351798711386687
"Eucalyptus_salmonophloia",1.30359408469503,0.0217446713380647,13.65145238,0.305888409663603,-26.14809524,0.193264707501222
"Eucalyptus_salubris",1.1997482905197,0.021521270284289,11.38557778,0.273575527378996,-24.908,0.194595306555254
"Eucalyptus_scyphocalyx",0.97933208581603,0.190328095932252,9.3,1.95528,-27.96,1.045
"Eucalyptus_sepulcralis",1.18779424740649,0.154514391678987,12.4,1.95528,-25.96,1.045
"Eucalyptus_sessilis",0.998251142348923,0.0169403390251348,9.5,1.95528,-28.67,1.045
"Eucalyptus_siderophloia",1.74014591268486,0.0265265596894776,12.418408,0.200438258212396,-30.89,1.045
"Eucalyptus_sieberi",1.47227616592776,0.0733263401057083,11.7592,1.05549544764532,-28.83666667,0.409159029120843
"Eucalyptus_smithii",1.70349516365111,0.0922479749016008,15.24333333,1.7628228624693,-29.79666667,0.739421695951942
"Eucalyptus_sparsa",1.17568619102776,0.0133831985875551,15.9,1.95528,-26.02,1.045
"Eucalyptus_sparsifolia",1.23074078419251,0.076190110614224,8.666666665,2.066666665,-25.7125,0.327499999999999
"Eucalyptus_spreta",0.948249522905215,0.196336881411711,11.2,1.95528,-26.66,1.045
"Eucalyptus_staeri",1.31544710301681,0.0407161714875554,7,1.95528,-27.24,1.045
"Eucalyptus_steedmanii",0.994131391958007,0.10536506163989,9.55,0.45,-26.375,0.965
"Eucalyptus_stellulata",1.47038048990654,0.0156081783167379,16.3,1.95528,-27.11,1.045
"Eucalyptus_stoatei",0.843656150116745,0.0487626858743603,7,1.95528,-28.16,1.045
"Eucalyptus_stowardii",1.16936224819357,0.157388810084919,10.2,1.95528,-26.24,1.045
"Eucalyptus_stricklandii",0.864316364767119,0.213527392098225,9.3,1.95528,-25.8,1.045
"Eucalyptus_subtilis",1.01253342656947,0.00608794815079809,11.7,1.95528,-26.22,1.045
"Eucalyptus_surgens",1.04886665253068,0.177543355761602,11.9,1.95528,-28.32,1.045
"Eucalyptus_synandra",1.30369016866432,0.0221495757837046,16.7,1.95528,-27.89,1.045
"Eucalyptus_talyuberlup",1.42167473580595,0.122291403949193,13.1,1.95528,-27.76,1.045
"Eucalyptus_tectifica",1.70338444179874,0.0548622379212146,12.04528478,0.897621420081757,-27.18190476,0.405926699369198
"Eucalyptus_tenella",1.36425028477762,0.0435241329712926,9.6,1.95528,-27.37,1.045
"Eucalyptus_tenera",0.854815779879466,0.0267585480622956,9.75,0.481441288513682,-24.97625,0.29410844392114
"Eucalyptus_tenuiramis",1.43098917219552,0.0250313369875791,17.1047619,1.95528,-28.102,1.045
"Eucalyptus_tenuis",1.17695173122421,0.104922762111538,10.26666667,0.811035004039762,-26.35333333,0.662252050036675
"Eucalyptus_terebra",0.963938114174194,0.193280668848774,9,1.95528,-27.36,1.045
"Eucalyptus_tetrapleura",1.19855921365084,0.152859970340016,9,1.95528,-29.16,1.045
"Eucalyptus_tetraptera",0.532294330615814,0.297610968505216,7.3,1.95528,-24.88,1.045
"Eucalyptus_tindaliae",1.69450957926842,0.0675033582704281,9.7,1.95528,-30.135,1.805
"Eucalyptus_todtiana",1.49845386453933,0.113253381755448,20.3,1.95528,-26.46,1.045
"Eucalyptus_torquata",1.11460657112847,0.0556881874699287,8.8,1.95528,-27.72,1.045
"Eucalyptus_tortilis",1.04967285965924,0.177400276725978,10.1,1.95528,-26.63,1.045
"Eucalyptus_transcontinentalis",1.20092221209738,0.0286637809852214,13.41252957,0.28519570257347,-26.26011763,0.413855286752123
"Eucalyptus_tricarpa",1.35481092387855,0.0126150467594392,12.72053333,0.5153039405158,-26.1386,0.127684723328316
"Eucalyptus_triflora",1.18456872985303,0.0772836962356711,11.44333333,1.72263686764732,-28.11333333,1.14842404092642
"Eucalyptus_trivalvis",1.09526104552041,0.051727863369498,10.8875,0.645986924900851,-26.21142857,0.45915257642245
"Eucalyptus_tumida",1.16831656149356,0.13749874084076,7.6,1.95528,-27.33,1.045
"Eucalyptus_ultima",1.1725366580393,0.156889985652056,14.2,1.95528,-28,1.045
"Eucalyptus_umbra",1.54980318800754,0.107630296131737,9.84,0.898109124772708,-31.0502,0.856518168711753
"Eucalyptus_urna",0.88871311089632,0.0289558927834661,10.49242888,0.346298733703811,-26.15846035,0.32306148324136
"Eucalyptus_utilis",0.934017098565589,0.0202346794081491,8.2,1.95528,-26.49,1.045
"Eucalyptus_valens",0.825588353986428,0.221959101061108,9.8,1.95528,-26.96,1.045
"Eucalyptus_verrucata",1.12933022823545,0.0498411812566329,7.9,1.95528,-26.02,1.045
"Eucalyptus_vicina",1.42612643446982,0.0339126452568746,17.1,1.95528,-27.78,1.045
"Eucalyptus_victoriana",0.98120850383704,0.0187838642977859,6.7,1.95528,-28.17,1.045
"Eucalyptus_victrix",1.32932924097986,0.0303864139774171,11.88571429,0.644178536117556,-28.37714286,0.651188343341158
"Eucalyptus_viridis",1.31028146952789,0.0687245379917503,12.5,1.95528,-27.45,1.045
"Eucalyptus_vittata",0.899014844991091,0.0677101346682622,10.19533333,0.207268210565709,-26.04,0.801519390491168
"Eucalyptus_wandoo_wandoo",1.1766587433076,0.0353906323149021,9.749,0.271074761488025,-27.49333333,0.184118664289318
"Eucalyptus_williamsiana",1.11737016026635,0.0225237769966172,8.8,1.95528,-27.77,1.045
"Eucalyptus_woodwardii",1.02147765530572,0.0186915112186418,12.7,1.95528,-27.82,1.045
"Eucalyptus_wyolensis",1.00837282081325,0.184880314786669,7.9,1.95528,-28.56,1.045
"Eucalyptus_xerothermica",1.10996504457428,0.0852032463841935,10.60533333,0.368484433562366,-28.42666667,0.843333333333334
"Eucalyptus_yalatensis",0.997065121095758,0.186982750322693,9,1.95528,-28.98,1.045
"Eucalyptus_yilgarnensis",1.34869674317464,0.0815255571446949,13.41647529,0.512302105587861,-25.18641479,0.472175574772464
"Eucalyptus_youngiana",1.02982621829633,0.0357914546219472,10.54748387,0.23153364316525,-26.65720905,0.255722088064799
"Eucalyptus_yumbarrana",0.728531180432779,0.244581921241633,9,1.95528,-28.02,1.045
"Eucalyptus_zopherophloia",1.41877208629386,0.122646888707438,12.9,1.95528,-26.89,1.045
